iteration,dataset,model,method,seed,commit,epochs,work_dir,metrics,status,notes
1,RadioML.2016.10A,CNN2,hard-ce,2026,2eb6c29,1,/home/citybuster/Data/RCPS/work_dirs/amc/deepsig201610A/cnn2_hard-ce/seed_2026,/home/citybuster/Data/RCPS/work_dirs/metrics/pilot_deepsig201610A_cnn2_seed2026.csv,completed,1-epoch smoke; train/test/analyze succeeded
1,RadioML.2016.10A,CNN2,static-ls,2026,2eb6c29,1,/home/citybuster/Data/RCPS/work_dirs/amc/deepsig201610A/cnn2_static-ls/seed_2026,/home/citybuster/Data/RCPS/work_dirs/metrics/pilot_deepsig201610A_cnn2_seed2026.csv,completed,1-epoch smoke; train/test/analyze succeeded
1,RadioML.2016.10A,CNN2,rcps-uniform,2026,2eb6c29,1,/home/citybuster/Data/RCPS/work_dirs/amc/deepsig201610A/cnn2_rcps-uniform/seed_2026,/home/citybuster/Data/RCPS/work_dirs/metrics/pilot_deepsig201610A_cnn2_seed2026.csv,completed,"1-epoch smoke; low-SNR calibration improved, high-SNR ECE needs calibration"
4,RadioML.2016.10A,MCLDNN,hard-ce_hard,2026,33eee78,1,/home/citybuster/Data/RCPS/work_dirs/amc/deepsig201610A/mcldnn_hard-ce_hard/seed_2026,/home/citybuster/Data/RCPS/work_dirs/metrics/calibration/deepsig201610A_mcldnn_hard-ce_hard_seed2026_validation.csv,completed,validation smoke; near-uniform after 1 epoch
4,RadioML.2016.10A,MCLDNN,rcps-uniform_eps0p5_g2p0,2026,33eee78,1,/home/citybuster/Data/RCPS/work_dirs/amc/deepsig201610A/mcldnn_rcps-uniform_eps0p5_g2p0/seed_2026,/home/citybuster/Data/RCPS/work_dirs/metrics/calibration/deepsig201610A_mcldnn_rcps-uniform_eps0p5_g2p0_seed2026_validation.csv,completed,validation smoke; tiny NLL/ECE gain only
4,RadioML.2016.10A,CGDNet,hard-ce_hard,2026,33eee78,1,/home/citybuster/Data/RCPS/work_dirs/amc/deepsig201610A/cgdnet_hard-ce_hard/seed_2026,/home/citybuster/Data/RCPS/work_dirs/metrics/calibration/deepsig201610A_cgdnet_hard-ce_hard_seed2026_validation.csv,completed,validation smoke; baseline for retention
4,RadioML.2016.10A,CGDNet,rcps-uniform_eps0p5_g2p0,2026,33eee78,1,/home/citybuster/Data/RCPS/work_dirs/amc/deepsig201610A/cgdnet_rcps-uniform_eps0p5_g2p0/seed_2026,/home/citybuster/Data/RCPS/work_dirs/metrics/calibration/deepsig201610A_cgdnet_rcps-uniform_eps0p5_g2p0_seed2026_validation.csv,completed,validation smoke; lower low-SNR NLL/ECE/Brier
4,RadioML.2016.10A,PETCGDNN,hard-ce_hard,2026,33eee78,1,/home/citybuster/Data/RCPS/work_dirs/amc/deepsig201610A/petcgdnn_hard-ce_hard/seed_2026,/home/citybuster/Data/RCPS/work_dirs/metrics/calibration/deepsig201610A_petcgdnn_hard-ce_hard_seed2026_validation.csv,completed,validation smoke; baseline for retention
4,RadioML.2016.10A,PETCGDNN,rcps-uniform_eps0p5_g2p0,2026,33eee78,1,/home/citybuster/Data/RCPS/work_dirs/amc/deepsig201610A/petcgdnn_rcps-uniform_eps0p5_g2p0/seed_2026,/home/citybuster/Data/RCPS/work_dirs/metrics/calibration/deepsig201610A_petcgdnn_rcps-uniform_eps0p5_g2p0_seed2026_validation.csv,completed,validation smoke; ECE gain but accuracy/NLL regression
4,RadioML.2016.10A,MCformer,hard-ce_hard,2026,33eee78,1,/home/citybuster/Data/RCPS/work_dirs/amc/deepsig201610A/mcformer_hard-ce_hard/seed_2026,/home/citybuster/Data/RCPS/work_dirs/metrics/calibration/deepsig201610A_mcformer_hard-ce_hard_seed2026_validation.csv,completed,validation smoke; baseline for retention
4,RadioML.2016.10A,MCformer,rcps-uniform_eps0p5_g2p0,2026,33eee78,1,/home/citybuster/Data/RCPS/work_dirs/amc/deepsig201610A/mcformer_rcps-uniform_eps0p5_g2p0/seed_2026,/home/citybuster/Data/RCPS/work_dirs/metrics/calibration/deepsig201610A_mcformer_rcps-uniform_eps0p5_g2p0_seed2026_validation.csv,completed,validation smoke; lower low-SNR NLL/ECE/Brier
13,RadioML.2016.10A,MLDNN,hard-ce,2026,811d908,400,/home/citybuster/Data/RCPS/work_dirs/baseline_gate/amc/deepsig201610A/mldnn_hard-ce/seed_2026,/home/citybuster/Data/RCPS/work_dirs/baseline_gate/metrics/baseline_gate/deepsig201610A_mldnn_hard-ce_seed2026_test.csv,completed,baseline gate recovered export; test accuracy 62.74%
13,RadioML.2016.10A,MLDNN,hard-ce,2027,811d908,400,/home/citybuster/Data/RCPS/work_dirs/baseline_gate/amc/deepsig201610A/mldnn_hard-ce/seed_2027,/home/citybuster/Data/RCPS/work_dirs/baseline_gate/metrics/baseline_gate/deepsig201610A_mldnn_hard-ce_seed2027_test.csv,completed,baseline gate recovered export; test accuracy 62.98%
13,RadioML.2016.10A,MLDNN,hard-ce,2026_2027_mean,811d908,400,/home/citybuster/Data/RCPS/work_dirs/baseline_gate/amc/deepsig201610A/mldnn_hard-ce,/home/citybuster/Data/RCPS/work_dirs/baseline_gate/metrics/baseline_gate/deepsig201610A_mldnn_hard-ce_seed2026_2027_test_mean.csv,gate_pass,mean test accuracy 62.8608%; threshold 61.0%
14,RadioML.2016.10A,MLDNN,hard-ce,2028,42f788a,400,/home/citybuster/Data/RCPS/work_dirs/baseline_gate/amc/deepsig201610A/mldnn_hard-ce/seed_2028,/home/citybuster/Data/RCPS/work_dirs/baseline_gate/metrics/baseline_gate/deepsig201610A_mldnn_hard-ce_seed2028_test.csv,completed,baseline gate completed; test accuracy 63.17%; early-stopped after epoch 370; exported with best epoch 320
15,RadioML.2016.10A,MLDNN,hard-ce,2026_2027_2028_mean,ee4227a,400,/home/citybuster/Data/RCPS/work_dirs/baseline_gate/amc/deepsig201610A/mldnn_hard-ce,/home/citybuster/Data/RCPS/work_dirs/baseline_gate/metrics/baseline_gate/deepsig201610A_mldnn_hard-ce_seed2026_2027_2028_test_mean.csv,gate_pass,three-seed mean test accuracy 62.9625%; threshold 61.0%; margin 1.9625 pp
16,RadioML.2016.10A,MLDNN,static-ls,2026,67d0b07,400,/home/citybuster/Data/RCPS/work_dirs/mldnn_supervision_400ep/amc/deepsig201610A/mldnn_static-ls/seed_2026,/home/citybuster/Data/RCPS/work_dirs/mldnn_supervision_400ep/metrics/mldnn_supervision_400ep/deepsig201610A_mldnn_static-ls_seed2026_test.csv,completed,same MLDNN backbone/schedule as hard CE baseline; queue launched after baseline gate pass; completed all exports/analyze; probability metrics use corrected MLDNN export from 67d0b07
16,RadioML.2016.10A,MLDNN,static-ls,2027,67d0b07,400,/home/citybuster/Data/RCPS/work_dirs/mldnn_supervision_400ep/amc/deepsig201610A/mldnn_static-ls/seed_2027,/home/citybuster/Data/RCPS/work_dirs/mldnn_supervision_400ep/metrics/mldnn_supervision_400ep/deepsig201610A_mldnn_static-ls_seed2027_test.csv,completed,same MLDNN backbone/schedule as hard CE baseline; queue launched after baseline gate pass; completed all exports/analyze; probability metrics use corrected MLDNN export from 67d0b07
16,RadioML.2016.10A,MLDNN,static-ls,2028,67d0b07,400,/home/citybuster/Data/RCPS/work_dirs/mldnn_supervision_400ep/amc/deepsig201610A/mldnn_static-ls/seed_2028,/home/citybuster/Data/RCPS/work_dirs/mldnn_supervision_400ep/metrics/mldnn_supervision_400ep/deepsig201610A_mldnn_static-ls_seed2028_test.csv,completed,same MLDNN backbone/schedule as hard CE baseline; queue launched after baseline gate pass; completed all exports/analyze; probability metrics use corrected MLDNN export from 67d0b07
16,RadioML.2016.10A,MLDNN,rcps-retention,2026,67d0b07,400,/home/citybuster/Data/RCPS/work_dirs/mldnn_supervision_400ep/amc/deepsig201610A/mldnn_rcps-retention/seed_2026,/home/citybuster/Data/RCPS/work_dirs/mldnn_supervision_400ep/metrics/mldnn_supervision_400ep/deepsig201610A_mldnn_rcps-retention_seed2026_test.csv,completed,same MLDNN backbone/schedule as hard CE baseline; queue launched after baseline gate pass; completed all exports/analyze; probability metrics use corrected MLDNN export from 67d0b07
16,RadioML.2016.10A,MLDNN,rcps-retention,2027,67d0b07,400,/home/citybuster/Data/RCPS/work_dirs/mldnn_supervision_400ep/amc/deepsig201610A/mldnn_rcps-retention/seed_2027,/home/citybuster/Data/RCPS/work_dirs/mldnn_supervision_400ep/metrics/mldnn_supervision_400ep/deepsig201610A_mldnn_rcps-retention_seed2027_test.csv,completed,same MLDNN backbone/schedule as hard CE baseline; queue launched after baseline gate pass; completed all exports/analyze; probability metrics use corrected MLDNN export from 67d0b07
16,RadioML.2016.10A,MLDNN,rcps-retention,2028,67d0b07,400,/home/citybuster/Data/RCPS/work_dirs/mldnn_supervision_400ep/amc/deepsig201610A/mldnn_rcps-retention/seed_2028,/home/citybuster/Data/RCPS/work_dirs/mldnn_supervision_400ep/metrics/mldnn_supervision_400ep/deepsig201610A_mldnn_rcps-retention_seed2028_test.csv,completed,same MLDNN backbone/schedule as hard CE baseline; queue launched after baseline gate pass; completed all exports/analyze; probability metrics use corrected MLDNN export from 67d0b07
18,RadioML.2016.10A,MLDNN,hard-ce,2026_2027_2028_mean,67d0b07,400,/home/citybuster/Data/RCPS/work_dirs/baseline_gate/amc/deepsig201610A/mldnn_hard-ce,/home/citybuster/Data/RCPS/work_dirs/baseline_gate/metrics/baseline_gate/deepsig201610A_mldnn_hard-ce_seed2026_2027_2028_test_mean.csv,completed_corrected,hard CE probability metrics re-exported after MLDNN double-softmax fix; acc 62.9625; NLL 1.0562; ECE 0.0325; Brier 0.4444
18,RadioML.2016.10A,MLDNN,static-ls,2026_2027_2028_mean,67d0b07,400,/home/citybuster/Data/RCPS/work_dirs/mldnn_supervision_400ep/amc/deepsig201610A/mldnn_static-ls,/home/citybuster/Data/RCPS/work_dirs/mldnn_supervision_400ep/summary/deepsig201610A_mldnn_supervision_overall_mean_std.csv,completed,three-seed overall acc 63.1098; NLL 1.0614; ECE 0.0267; Brier 0.4424
18,RadioML.2016.10A,MLDNN,rcps-retention,2026_2027_2028_mean,67d0b07,400,/home/citybuster/Data/RCPS/work_dirs/mldnn_supervision_400ep/amc/deepsig201610A/mldnn_rcps-retention,/home/citybuster/Data/RCPS/work_dirs/mldnn_supervision_400ep/summary/deepsig201610A_mldnn_supervision_overall_mean_std.csv,diagnostic_not_selected,overall worse than Static LS; improves -20 dB NLL/ECE/Brier but loses in transition bins; motivates calibrated posterior-target schedule
20,RadioML.2016.10A,MLDNN,rcps-binposterior,2026,ef240a8,400,/home/citybuster/Data/RCPS/work_dirs/mldnn_posterior_iter2_400ep/amc/deepsig201610A/mldnn_rcps-binposterior/seed_2026,/home/citybuster/Data/RCPS/work_dirs/mldnn_posterior_iter2_400ep/metrics/mldnn_posterior_iter2_400ep/deepsig201610A_mldnn_rcps-binposterior_seed2026_test.csv,diagnostic_not_selected,overall acc 62.5477; NLL 1.0547; ECE 0.0211; Brier 0.4473; lowest ECE but loses accuracy/Brier so do not expand current bin-posterior variant
20,RadioML.2016.10A,MLDNN,rcps-lowgate,2026,ef240a8,400,/home/citybuster/Data/RCPS/work_dirs/mldnn_posterior_iter2_400ep/amc/deepsig201610A/mldnn_rcps-lowgate/seed_2026,/home/citybuster/Data/RCPS/work_dirs/mldnn_posterior_iter2_400ep/metrics/mldnn_posterior_iter2_400ep/deepsig201610A_mldnn_rcps-lowgate_seed2026_test.csv,diagnostic_candidate,overall acc 62.9432; NLL 1.0518; ECE 0.0278; Brier 0.4435; improves same-seed hard CE overall but low-SNR bins are mixed and Static LS remains stronger on several metrics
22,RadioML.2016.10A,MLDNN,rcps-lowgate,2027,8fb73ad,400,/home/citybuster/Data/RCPS/work_dirs/mldnn_posterior_iter2_400ep/amc/deepsig201610A/mldnn_rcps-lowgate/seed_2027,/home/citybuster/Data/RCPS/work_dirs/mldnn_posterior_iter2_400ep/metrics/mldnn_posterior_iter2_400ep/deepsig201610A_mldnn_rcps-lowgate_seed2027_test.csv,completed,overall acc 63.0011; NLL 1.0462; ECE 0.0203; Brier 0.4420; calibration/NLL/Brier improve over hard CE and Static LS
22,RadioML.2016.10A,MLDNN,rcps-lowgate,2028,8fb73ad,400,/home/citybuster/Data/RCPS/work_dirs/mldnn_posterior_iter2_400ep/amc/deepsig201610A/mldnn_rcps-lowgate/seed_2028,/home/citybuster/Data/RCPS/work_dirs/mldnn_posterior_iter2_400ep/metrics/mldnn_posterior_iter2_400ep/deepsig201610A_mldnn_rcps-lowgate_seed2028_test.csv,completed,overall included in three-seed summary; best validation 63.2932; completed export/analyze without errors
22,RadioML.2016.10A,MLDNN,rcps-lowgate,2026_2027_2028_mean,8fb73ad,400,/home/citybuster/Data/RCPS/work_dirs/mldnn_posterior_iter2_400ep/amc/deepsig201610A/mldnn_rcps-lowgate,/home/citybuster/Data/RCPS/work_dirs/mldnn_posterior_iter2_400ep/summary/deepsig201610A_mldnn_lowgate_vs_baselines_seed2026_2027_2028_mean_std.csv,diagnostic_candidate,three-seed acc 63.0792; NLL 1.0496; ECE 0.0255; Brier 0.4419; improves hard CE overall but transition bins -12/-10 remain weak
23,RadioML.2016.10A,MLDNN,rcps-lowgate-c14,2026,1decad1,400,/home/citybuster/Data/RCPS/work_dirs/mldnn_lowgate_tuning_400ep/amc/deepsig201610A/mldnn_rcps-lowgate-c14/seed_2026,/home/citybuster/Data/RCPS/work_dirs/mldnn_lowgate_tuning_400ep/metrics/mldnn_lowgate_tuning_400ep/deepsig201610A_mldnn_rcps-lowgate-c14_seed2026_test.csv,diagnostic_candidate,completed; acc 63.0352; NLL 1.0543; ECE 0.0283; Brier 0.4443; fixes transition accuracy/ECE vs hard CE but not NLL/Brier; candidate for next refinement
23,RadioML.2016.10A,MLDNN,rcps-lowgate-g2,2026,1decad1,400,/home/citybuster/Data/RCPS/work_dirs/mldnn_lowgate_tuning_400ep/amc/deepsig201610A/mldnn_rcps-lowgate-g2/seed_2026,/home/citybuster/Data/RCPS/work_dirs/mldnn_lowgate_tuning_400ep/metrics/mldnn_lowgate_tuning_400ep/deepsig201610A_mldnn_rcps-lowgate-g2_seed2026_test.csv,diagnostic_not_selected,completed; acc 63.0670; NLL 1.0520; ECE 0.0328; Brier 0.4436; overall gains but transition bins -12/-10 remain worse than hard CE; do not expand current G2
25,RadioML.2016.10A,MLDNN,rcps-lowgate-c14-posterior-e0p7,2026,2af2b22,400,/home/citybuster/Data/RCPS/work_dirs/mldnn_lowgate_posterior_tuning_400ep/amc/deepsig201610A/mldnn_rcps-lowgate-c14-posterior-e0p7/seed_2026,/home/citybuster/Data/RCPS/work_dirs/mldnn_lowgate_posterior_tuning_400ep/metrics/mldnn_lowgate_posterior_tuning_400ep/deepsig201610A_mldnn_rcps-lowgate-c14-posterior-e0p7_seed2026_test.csv,diagnostic_tradeoff,completed; acc 63.2102; NLL 1.0453; ECE 0.0437; Brier 0.4423; strongest acc/NLL/Brier but worsens ECE; do not expand without posterior softening
25,RadioML.2016.10A,MLDNN,rcps-lowgate-c14-posterior-e0p5,2026,2af2b22,400,/home/citybuster/Data/RCPS/work_dirs/mldnn_lowgate_posterior_tuning_400ep/amc/deepsig201610A/mldnn_rcps-lowgate-c14-posterior-e0p5/seed_2026,/home/citybuster/Data/RCPS/work_dirs/mldnn_lowgate_posterior_tuning_400ep/metrics/mldnn_lowgate_posterior_tuning_400ep/deepsig201610A_mldnn_rcps-lowgate-c14-posterior-e0p5_seed2026_test.csv,diagnostic_tradeoff,completed after retry; acc 63.0875; NLL 1.0479; ECE 0.0373; Brier 0.4429; fixes transition NLL/Brier better than uniform C14 but loses ECE repair; do not expand yet
26,RadioML.2016.10A,MLDNN,rcps-lowgate-c14-posterior-t2-e0p7,2026,112ceda,400,/home/citybuster/Data/RCPS/work_dirs/mldnn_lowgate_posterior_soft_tuning_400ep/amc/deepsig201610A/mldnn_rcps-lowgate-c14-posterior-t2-e0p7/seed_2026,/home/citybuster/Data/RCPS/work_dirs/mldnn_lowgate_posterior_soft_tuning_400ep/metrics/mldnn_lowgate_posterior_soft_tuning_400ep/deepsig201610A_mldnn_rcps-lowgate-c14-posterior-t2-e0p7_seed2026_test.csv,diagnostic_tradeoff,completed; acc 63.1193; NLL 1.0535; ECE 0.0409; Brier 0.4444; temperature alone did not fix ECE
26,RadioML.2016.10A,MLDNN,rcps-lowgate-c14-posterior-t2-e0p5,2026,112ceda,400,/home/citybuster/Data/RCPS/work_dirs/mldnn_lowgate_posterior_soft_tuning_400ep/amc/deepsig201610A/mldnn_rcps-lowgate-c14-posterior-t2-e0p5/seed_2026,/home/citybuster/Data/RCPS/work_dirs/mldnn_lowgate_posterior_soft_tuning_400ep/metrics/mldnn_lowgate_posterior_soft_tuning_400ep/deepsig201610A_mldnn_rcps-lowgate-c14-posterior-t2-e0p5_seed2026_test.csv,diagnostic_tradeoff,completed; acc 63.1477; NLL 1.0490; ECE 0.0389; Brier 0.4433; transition bins improved but overall ECE worsened
27,RadioML.2016.10A,MLDNN,rcps-lowgate-c14-posterior-t2-b0p5-e0p5,2026,0fcab70,400,/home/citybuster/Data/RCPS/work_dirs/mldnn_lowgate_posterior_blend_tuning_400ep/amc/deepsig201610A/mldnn_rcps-lowgate-c14-posterior-t2-b0p5-e0p5/seed_2026,/home/citybuster/Data/RCPS/work_dirs/mldnn_lowgate_posterior_blend_tuning_400ep/metrics/mldnn_lowgate_posterior_blend_tuning_400ep/deepsig201610A_mldnn_rcps-lowgate-c14-posterior-t2-b0p5-e0p5_seed2026_test.csv,diagnostic_not_selected,completed; acc 62.7886; NLL 1.0570; ECE 0.0318; Brier 0.4469; ECE repaired but NLL/accuracy gains lost
27,RadioML.2016.10A,MLDNN,rcps-lowgate-c14-posterior-t2-b1p0-e0p5,2026,0fcab70,400,/home/citybuster/Data/RCPS/work_dirs/mldnn_lowgate_posterior_blend_tuning_400ep/amc/deepsig201610A/mldnn_rcps-lowgate-c14-posterior-t2-b1p0-e0p5/seed_2026,/home/citybuster/Data/RCPS/work_dirs/mldnn_lowgate_posterior_blend_tuning_400ep/metrics/mldnn_lowgate_posterior_blend_tuning_400ep/deepsig201610A_mldnn_rcps-lowgate-c14-posterior-t2-b1p0-e0p5_seed2026_test.csv,diagnostic_not_selected,completed; acc 63.1705; NLL 1.0644; ECE 0.0402; Brier 0.4456; accuracy/very-low ECE improved but overall NLL/ECE worsened
28,RadioML.2016.10A,MLDNN,rcps-lowgate-c14-posterior-t2-b0p25-e0p5,2026,adf24ce,400,/home/citybuster/Data/RCPS/work_dirs/mldnn_lowgate_posterior_blend_fine_tuning_400ep/amc/deepsig201610A/mldnn_rcps-lowgate-c14-posterior-t2-b0p25-e0p5/seed_2026,/home/citybuster/Data/RCPS/work_dirs/mldnn_lowgate_posterior_blend_fine_tuning_400ep/metrics/mldnn_lowgate_posterior_blend_fine_tuning_400ep/deepsig201610A_mldnn_rcps-lowgate-c14-posterior-t2-b0p25-e0p5_seed2026_test.csv,diagnostic_candidate,completed; acc 63.2011; NLL 1.0507; ECE 0.0366; Brier 0.4420; best fine blend for acc/NLL/Brier; ECE still worse than hard/static; candidate for 2027/2028 robustness only
28,RadioML.2016.10A,MLDNN,rcps-lowgate-c14-posterior-t2-b0p35-e0p5,2026,adf24ce,400,/home/citybuster/Data/RCPS/work_dirs/mldnn_lowgate_posterior_blend_fine_tuning_400ep/amc/deepsig201610A/mldnn_rcps-lowgate-c14-posterior-t2-b0p35-e0p5/seed_2026,/home/citybuster/Data/RCPS/work_dirs/mldnn_lowgate_posterior_blend_fine_tuning_400ep/metrics/mldnn_lowgate_posterior_blend_fine_tuning_400ep/deepsig201610A_mldnn_rcps-lowgate-c14-posterior-t2-b0p35-e0p5_seed2026_test.csv,diagnostic_tradeoff,completed; acc 63.0977; NLL 1.0551; ECE 0.0355; Brier 0.4431; lower ECE penalty than B0p25 but weaker NLL/transition behavior; do not expand before B0p25 robustness
29,RadioML.2016.10A,MLDNN,rcps-lowgate-c14-posterior-t2-b0p25-e0p5,2027,d1160f0,400,/home/citybuster/Data/RCPS/work_dirs/mldnn_lowgate_posterior_blend_fine_tuning_400ep/amc/deepsig201610A/mldnn_rcps-lowgate-c14-posterior-t2-b0p25-e0p5/seed_2027,/home/citybuster/Data/RCPS/work_dirs/mldnn_lowgate_posterior_blend_fine_tuning_400ep/metrics/mldnn_lowgate_posterior_blend_fine_tuning_400ep/deepsig201610A_mldnn_rcps-lowgate-c14-posterior-t2-b0p25-e0p5_seed2027_test.csv,completed,completed; acc 63.1114; NLL 1.0409; ECE 0.0299; Brier 0.4413; export/analyze completed without errors
29,RadioML.2016.10A,MLDNN,rcps-lowgate-c14-posterior-t2-b0p25-e0p5,2028,d1160f0,400,/home/citybuster/Data/RCPS/work_dirs/mldnn_lowgate_posterior_blend_fine_tuning_400ep/amc/deepsig201610A/mldnn_rcps-lowgate-c14-posterior-t2-b0p25-e0p5/seed_2028,/home/citybuster/Data/RCPS/work_dirs/mldnn_lowgate_posterior_blend_fine_tuning_400ep/metrics/mldnn_lowgate_posterior_blend_fine_tuning_400ep/deepsig201610A_mldnn_rcps-lowgate-c14-posterior-t2-b0p25-e0p5_seed2028_test.csv,completed,completed; acc 63.1636; NLL 1.0464; ECE 0.0364; Brier 0.4412; export/analyze completed without errors
29,RadioML.2016.10A,MLDNN,rcps-lowgate-c14-posterior-t2-b0p25-e0p5,2026_2027_2028_mean,d1160f0,400,/home/citybuster/Data/RCPS/work_dirs/mldnn_lowgate_posterior_blend_fine_tuning_400ep/amc/deepsig201610A/mldnn_rcps-lowgate-c14-posterior-t2-b0p25-e0p5,/home/citybuster/Data/RCPS/work_dirs/mldnn_lowgate_posterior_blend_fine_tuning_400ep/summary/deepsig201610A_mldnn_b0p25_3seed_overall_summary.csv,diagnostic_tradeoff,three-seed acc 63.1587; NLL 1.0460; ECE 0.0343; Brier 0.4415; robust acc/NLL/Brier gains but ECE worse than hard/static/LowGate
30,RadioML.2016.10A,MLDNN,hard-ce-strict,2026,fa74c89,400,/home/citybuster/Data/RCPS/work_dirs/strict_split_400ep/amc/deepsig201610A/mldnn_hard-ce-strict/seed_2026,/home/citybuster/Data/RCPS/work_dirs/strict_split_400ep/metrics/deepsig201610A_mldnn_hard-ce-strict_seed2026_test.csv,completed,completed; strict split test acc 62.6250; NLL 1.0735; ECE 0.0358; Brier 0.4502; best val epoch 262; export/analyze completed
30,RadioML.2016.10A,MLDNN,hard-ce-strict,2027,fa74c89,400,/home/citybuster/Data/RCPS/work_dirs/strict_split_400ep/amc/deepsig201610A/mldnn_hard-ce-strict/seed_2027,/home/citybuster/Data/RCPS/work_dirs/strict_split_400ep/metrics/deepsig201610A_mldnn_hard-ce-strict_seed2027_test.csv,completed,completed; strict split test acc 62.4557; NLL 1.0710; ECE 0.0356; Brier 0.4515; best val epoch 272; export/analyze completed
30,RadioML.2016.10A,MLDNN,hard-ce-strict,2028,d17edbf,400,/home/citybuster/Data/RCPS/work_dirs/strict_split_400ep/amc/deepsig201610A/mldnn_hard-ce-strict/seed_2028,/home/citybuster/Data/RCPS/work_dirs/strict_split_400ep/metrics/deepsig201610A_mldnn_hard-ce-strict_seed2028_test.csv,completed,completed; strict split test acc 62.5750; NLL 1.0494; ECE 0.0244; Brier 0.4461; best val epoch 196; export/analyze completed
30,RadioML.2016.10A,MLDNN,hard-ce-strict,2026_2027_mean,fa74c89,400,/home/citybuster/Data/RCPS/work_dirs/strict_split_400ep/amc/deepsig201610A/mldnn_hard-ce-strict,/home/citybuster/Data/RCPS/work_dirs/strict_split_400ep/summary/deepsig201610A_mldnn_hard-ce-strict_seed2026_2027_test_mean.csv,gate_pass_partial,strict split two-seed mean acc 62.5403; threshold 61.0; margin 1.5403 pp; seed 2028 still planned for full three-seed gate
30,RadioML.2016.10A,MLDNN,hard-ce-strict,2026_2027_2028_mean,d17edbf,400,/home/citybuster/Data/RCPS/work_dirs/strict_split_400ep/amc/deepsig201610A/mldnn_hard-ce-strict,/home/citybuster/Data/RCPS/work_dirs/strict_split_400ep/summary/deepsig201610A_mldnn_hard-ce-strict_seed2026_2027_2028_test_mean.csv,gate_pass,strict split three-seed mean acc 62.5519 +/- 0.0870; NLL 1.0646 +/- 0.0133; ECE 0.0319 +/- 0.0066; Brier 0.4493 +/- 0.0028; threshold 61.0; margin 1.5519 pp
31,RadioML.2016.10A,MLDNN,static-ls-strict,2026,cb7997b,400,/home/citybuster/Data/RCPS/work_dirs/strict_split_400ep/amc/deepsig201610A/mldnn_static-ls-strict/seed_2026,/home/citybuster/Data/RCPS/work_dirs/strict_split_400ep/metrics/deepsig201610A_mldnn_static-ls-strict_seed2026_test.csv,completed,strict split pilot completed; test metric landed 2026-05-13 15:56 CST; Static LS improved NLL/ECE/Brier with small accuracy drop vs hard CE seed2026
31,RadioML.2016.10A,MLDNN,rcps-lowgate-c14-strict,2026,cb7997b,400,/home/citybuster/Data/RCPS/work_dirs/strict_split_400ep/amc/deepsig201610A/mldnn_rcps-lowgate-c14-strict/seed_2026,/home/citybuster/Data/RCPS/work_dirs/strict_split_400ep/metrics/deepsig201610A_mldnn_rcps-lowgate-c14-strict_seed2026_test.csv,completed,strict split pilot completed; test metric landed 2026-05-13 16:33 CST; lowgate improved accuracy/Brier but worsened NLL/ECE vs hard CE seed2026
31,RadioML.2016.10A,MLDNN,rcps-retention-strict,2026,3d0d6b7,400,/home/citybuster/Data/RCPS/work_dirs/strict_split_400ep/amc/deepsig201610A/mldnn_rcps-retention-strict/seed_2026,/home/citybuster/Data/RCPS/work_dirs/strict_split_400ep/metrics/deepsig201610A_mldnn_rcps-retention-strict_seed2026_test.csv,superseded_by_iter32,candidate launched in Iteration 32 at commit e5b5148
31,RadioML.2016.10A,MLDNN,rcps-uniform-strict,2026,3d0d6b7,400,/home/citybuster/Data/RCPS/work_dirs/strict_split_400ep/amc/deepsig201610A/mldnn_rcps-uniform-strict/seed_2026,/home/citybuster/Data/RCPS/work_dirs/strict_split_400ep/metrics/deepsig201610A_mldnn_rcps-uniform-strict_seed2026_test.csv,superseded_by_iter32,candidate launched in Iteration 32 at commit e5b5148
32,RadioML.2016.10A,MLDNN,rcps-retention-strict,2026,e5b5148,400,/home/citybuster/Data/RCPS/work_dirs/strict_split_400ep/amc/deepsig201610A/mldnn_rcps-retention-strict/seed_2026,/home/citybuster/Data/RCPS/work_dirs/strict_split_400ep/metrics/deepsig201610A_mldnn_rcps-retention-strict_seed2026_test.csv,running,launched on GPU0 at 2026-05-14 11:35 CST after strict lowgate diagnostic; train=train.json val=validation.json test=test.json
32,RadioML.2016.10A,MLDNN,rcps-uniform-strict,2026,e5b5148,400,/home/citybuster/Data/RCPS/work_dirs/strict_split_400ep/amc/deepsig201610A/mldnn_rcps-uniform-strict/seed_2026,/home/citybuster/Data/RCPS/work_dirs/strict_split_400ep/metrics/deepsig201610A_mldnn_rcps-uniform-strict_seed2026_test.csv,running,launched on GPU1 at 2026-05-14 11:35 CST after strict lowgate diagnostic; train=train.json val=validation.json test=test.json
36,RadioML.2016.10A_AMR,GRU2,hard-ce,2026,e8910ae,400,/home/citybuster/Data/RCPS/work_dirs/baseline_gate_amr_split_classic/amc/deepsig201610A_amr/gru2_hard-ce/seed_2026,/home/citybuster/Data/RCPS/work_dirs/baseline_gate_amr_split_classic/metrics/deepsig201610A_amr_gru2_hard-ce_seed2026_test.csv,completed,AMR-compatible split; first non-MLDNN candidate over 60% test accuracy
36,RadioML.2016.10A_AMR,PETCGDNN,hard-ce,2026,e8910ae,400,/home/citybuster/Data/RCPS/work_dirs/baseline_gate_amr_split/amc/deepsig201610A_amr/petcgdnn_hard-ce/seed_2026,/home/citybuster/Data/RCPS/work_dirs/baseline_gate_amr_split/metrics/deepsig201610A_amr_petcgdnn_hard-ce_seed2026_test.csv,completed,AMR-compatible split; parity still weak
36,RadioML.2016.10A_AMR,GRU2,paired-static-rcps-grid,2026,e8910ae,400,/home/citybuster/Data/RCPS/work_dirs/gru2_paired_amr_400ep,/home/citybuster/Data/RCPS/work_dirs/gru2_paired_amr_400ep/metrics/calibration,running,Static LS plus RCPS-Retention/EntropyMatch/PosteriorBase; one-seed diagnostic paired comparison
37,RadioML.2016.10A_AMR,MCformer,hard-ce,2026,cd075ca,400,/home/citybuster/Data/RCPS/work_dirs/baseline_gate_amr_split/amc/deepsig201610A_amr/mcformer_hard-ce/seed_2026,/home/citybuster/Data/RCPS/work_dirs/baseline_gate_amr_split/metrics/deepsig201610A_amr_mcformer_hard-ce_seed2026_test.csv,completed,"AMR-compatible split; validation 58.35%, test 57.97%; not promoted yet"
37,RadioML.2016.10A_AMR,GRU2,hard-ce,2027,5d9d27a,400,/home/citybuster/Data/RCPS/work_dirs/baseline_gate_amr_split_classic/amc/deepsig201610A_amr/gru2_hard-ce/seed_2027,/home/citybuster/Data/RCPS/work_dirs/baseline_gate_amr_split_classic/metrics/deepsig201610A_amr_gru2_hard-ce_seed2027_test.csv,completed,AMR-compatible split; test acc 58.1523; NLL 1.1262; ECE 0.0296; Brier 0.4974
37,RadioML.2016.10A_AMR,GRU2,hard-ce,2028,5d9d27a,400,/home/citybuster/Data/RCPS/work_dirs/baseline_gate_amr_split_classic/amc/deepsig201610A_amr/gru2_hard-ce/seed_2028,/home/citybuster/Data/RCPS/work_dirs/baseline_gate_amr_split_classic/metrics/deepsig201610A_amr_gru2_hard-ce_seed2028_test.csv,completed,AMR-compatible split; test acc 58.2568; NLL 1.1201; ECE 0.0270; Brier 0.4956
39,RadioML.2016.10A_AMR,GRU2,hard-ce,2026_2027_2028_mean,5d9d27a,400,/home/citybuster/Data/RCPS/work_dirs/baseline_gate_amr_split_classic/amc/deepsig201610A_amr/gru2_hard-ce,/home/citybuster/Data/RCPS/work_dirs/baseline_gate_amr_split_classic/metrics/deepsig201610A_amr_gru2_hard-ce_seed*_test.csv,diagnostic_complete,three-seed mean acc 58.9894 +/- 1.3604; too much variance for main TPAMI backbone; keep as diagnostic
39,RadioML.2016.10A_AMR,PETCGDNN,hard-ce-kerasinit,2026,f25f3e0,400,/home/citybuster/Data/RCPS/work_dirs/parity_kerasinit_amr/amc/deepsig201610A_amr/petcgdnn_hard-ce_kerasinit/seed_2026,/home/citybuster/Data/RCPS/work_dirs/parity_kerasinit_amr/metrics/deepsig201610A_amr_petcgdnn_hard-ce_kerasinit_seed2026_test.csv,completed,parity-only Keras-compatible init; test acc 59.9909; NLL 1.1193; ECE 0.0271; Brier 0.4824; +2.5318pp vs original PETCGDNN hard CE
39,RadioML.2016.10A_AMR,MCLDNN,hard-ce-kerasinit,2026,b4324db,400,/home/citybuster/Data/RCPS/work_dirs/parity_kerasinit_amr/amc/deepsig201610A_amr/mcldnn_hard-ce_kerasinit/seed_2026,,stopped,stopped at epoch 40 after remaining at chance accuracy 9.0909%; parity-probe failure for this init override
40,RadioML.2016.10A_AMR,GRU2,rcps-retention-eps0.3-g1,2026,0e3652d,400,/home/citybuster/Data/RCPS/work_dirs/gru2_paired_amr_400ep/amc/deepsig201610A_amr/gru2_rcps-retention_eps0p3_g1p0/seed_2026,/home/citybuster/Data/RCPS/work_dirs/gru2_paired_amr_400ep/metrics/calibration/deepsig201610A_amr_gru2_rcps-retention_eps0p3_g1p0_seed2026_test.csv,diagnostic_candidate,"test acc 61.6614; NLL 1.1175; ECE 0.0250; Brier 0.4625; improves acc/ECE/Brier and low-SNR metrics vs hard CE, but overall NLL and high-SNR ECE worsen"
40,RadioML.2016.10A_AMR,GRU2,training-efficiency-summary,2026,0e3652d,400,/home/citybuster/Data/RCPS/work_dirs/gru2_paired_amr_400ep,/home/citybuster/Data/RCPS/work_dirs/gru2_paired_amr_400ep/summary/gru2_seed2026_training_efficiency.csv,completed,target 57.5916; RCPS retention reaches target at epoch 42 same as hard CE and has highest validation AULC among hard/static/retention diagnostics
43,RadioML.2016.10A_AMR,GRU2,rcps-retention-eps0.3-g2,2026,776b767,400,/home/citybuster/Data/RCPS/work_dirs/gru2_paired_amr_400ep/amc/deepsig201610A_amr/gru2_rcps-retention_eps0p3_g2p0/seed_2026,/home/citybuster/Data/RCPS/work_dirs/gru2_paired_amr_400ep/metrics/calibration/deepsig201610A_amr_gru2_rcps-retention_eps0p3_g2p0_seed2026_test.csv,diagnostic_candidate,"test acc 60.3818; NLL 1.1137; ECE 0.0098; Brier 0.4746; strong ECE improvement but accuracy/Brier weaker than eps0.3-g1 and NLL still worse than hard CE"
45,RadioML.2016.10A_AMR,GRU2,rcps-retention-eps0.5-g1,2026,bcb47e0,400,/home/citybuster/Data/RCPS/work_dirs/gru2_paired_amr_400ep/amc/deepsig201610A_amr/gru2_rcps-retention_eps0p5_g1p0/seed_2026,/home/citybuster/Data/RCPS/work_dirs/gru2_paired_amr_400ep/metrics/calibration/deepsig201610A_amr_gru2_rcps-retention_eps0p5_g1p0_seed2026_test.csv,diagnostic_candidate,"test acc 61.8114; NLL 1.1451; ECE 0.0644; Brier 0.4661; best GRU2 accuracy so far and improves low-SNR NLL/ECE/Brier plus high-SNR acc/Brier, but worsens overall and high-SNR ECE"
42,RadioML.2016.10A_AMR,PETCGDNN,hard-ce-kerasinit,2027,b4324db,400,/home/citybuster/Data/RCPS/work_dirs/petcgdnn_kerasinit_gate_amr/amc/deepsig201610A_amr/petcgdnn_hard-ce_kerasinit/seed_2027,/home/citybuster/Data/RCPS/work_dirs/petcgdnn_kerasinit_gate_amr/metrics/deepsig201610A_amr_petcgdnn_hard-ce_kerasinit_seed2027_test.csv,completed,test acc 60.3182; NLL 1.1062; ECE 0.0298; Brier 0.4753; export and reliability analysis completed without file-handle failure
42,RadioML.2016.10A_AMR,PETCGDNN,hard-ce-kerasinit,2028,b4324db,400,/home/citybuster/Data/RCPS/work_dirs/petcgdnn_kerasinit_gate_amr/amc/deepsig201610A_amr/petcgdnn_hard-ce_kerasinit/seed_2028,/home/citybuster/Data/RCPS/work_dirs/petcgdnn_kerasinit_gate_amr/metrics/deepsig201610A_amr_petcgdnn_hard-ce_kerasinit_seed2028_test.csv,completed,test acc 59.5023; NLL 1.1296; ECE 0.0295; Brier 0.4879; export and reliability analysis completed
46,RadioML.2016.10A_AMR,PETCGDNN,hard-ce-kerasinit,2026_2027_2028_mean,8e2e795,400,/home/citybuster/Data/RCPS/work_dirs/petcgdnn_kerasinit_gate_amr/amc/deepsig201610A_amr/petcgdnn_hard-ce_kerasinit,/home/citybuster/Data/RCPS/work_dirs/petcgdnn_kerasinit_gate_amr/metrics/deepsig201610A_amr_petcgdnn_hard-ce_kerasinit_seed*_test.csv,gate_promoted,three-seed mean acc 59.9371 +/- 0.4106; NLL 1.1184 +/- 0.0117; ECE 0.0288 +/- 0.0015; Brier 0.4819 +/- 0.0063; stable enough for paired RCPS diagnostic
46,RadioML.2016.10A_AMR,PETCGDNN,paired-static-rcps-kerasinit,2026,pending,400,/home/citybuster/Data/RCPS/work_dirs/petcgdnn_kerasinit_paired_amr_400ep,/home/citybuster/Data/RCPS/work_dirs/petcgdnn_kerasinit_paired_amr_400ep/metrics/calibration,queued,paired diagnostic comparison on Keras-init PETCGDNN using Static LS plus RCPS-Retention/EntropyMatch/PosteriorBase
47,RadioML.2016.10A_AMR,GRU2,rcps-retention-eps0.5-g2,2026,a1f6931,400,/home/citybuster/Data/RCPS/work_dirs/gru2_paired_amr_400ep/amc/deepsig201610A_amr/gru2_rcps-retention_eps0p5_g2p0/seed_2026,/home/citybuster/Data/RCPS/work_dirs/gru2_paired_amr_400ep/metrics/calibration/deepsig201610A_amr_gru2_rcps-retention_eps0p5_g2p0_seed2026_test.csv,diagnostic_candidate,"test acc 62.1068; NLL 1.0943; ECE 0.0186; Brier 0.4546; improves all overall metrics vs hard CE and improves low-SNR NLL/ECE/Brier; high-SNR ECE still worse"
47,RadioML.2016.10A_AMR,PETCGDNN,paired-static-rcps-kerasinit,2026,a1f6931,400,/home/citybuster/Data/RCPS/work_dirs/petcgdnn_kerasinit_paired_amr_400ep,/home/citybuster/Data/RCPS/work_dirs/petcgdnn_kerasinit_paired_amr_400ep/metrics/calibration,running,foreground monitor confirms static-ls first stage running normally; no new runtime errors
48,RadioML.2016.10A_AMR,PETCGDNN,static-ls-ls0.05-kerasinit,2026,b6039e5,400,/home/citybuster/Data/RCPS/work_dirs/petcgdnn_kerasinit_paired_amr_400ep/amc/deepsig201610A_amr/petcgdnn_kerasinit_static-ls_ls0p05/seed_2026,/home/citybuster/Data/RCPS/work_dirs/petcgdnn_kerasinit_paired_amr_400ep/metrics/calibration/deepsig201610A_amr_petcgdnn_kerasinit_static-ls_ls0p05_seed2026_test.csv,diagnostic_complete,"test acc 59.5068; NLL 1.1431; ECE 0.0267; Brier 0.4880; accuracy/NLL/Brier and low-SNR posterior quality worse than hard CE"
49,RadioML.2016.10A_AMR,GRU2,rcps-retention-eps0.7-g1,2026,454c41f,400,/home/citybuster/Data/RCPS/work_dirs/gru2_paired_amr_400ep/amc/deepsig201610A_amr/gru2_rcps-retention_eps0p7_g1p0/seed_2026,/home/citybuster/Data/RCPS/work_dirs/gru2_paired_amr_400ep/metrics/calibration/deepsig201610A_amr_gru2_rcps-retention_eps0p7_g1p0_seed2026_test.csv,diagnostic_rejected,"test acc 61.7205; NLL 1.1975; ECE 0.0988; Brier 0.4821; over-softens targets and worsens global posterior metrics despite accuracy gain"
50,RadioML.2016.10A_AMR,PETCGDNN,static-ls-ls0.1-kerasinit,2026,81d9716,400,/home/citybuster/Data/RCPS/work_dirs/petcgdnn_kerasinit_paired_amr_400ep/amc/deepsig201610A_amr/petcgdnn_kerasinit_static-ls_ls0p1/seed_2026,/home/citybuster/Data/RCPS/work_dirs/petcgdnn_kerasinit_paired_amr_400ep/metrics/calibration/deepsig201610A_amr_petcgdnn_kerasinit_static-ls_ls0p1_seed2026_test.csv,diagnostic_tradeoff,"test acc 60.2955; NLL 1.1567; ECE 0.0325; Brier 0.4791; accuracy/Brier slightly improve but NLL/ECE and low-SNR posterior quality worsen"
51,RadioML.2016.10A_AMR,GRU2,rcps-retention-eps0.7-g2,2026,9ee1a0b,400,/home/citybuster/Data/RCPS/work_dirs/gru2_paired_amr_400ep/amc/deepsig201610A_amr/gru2_rcps-retention_eps0p7_g2p0/seed_2026,/home/citybuster/Data/RCPS/work_dirs/gru2_paired_amr_400ep/metrics/calibration/deepsig201610A_amr_gru2_rcps-retention_eps0p7_g2p0_seed2026_test.csv,diagnostic_tradeoff,"test acc 61.7955; NLL 1.1141; ECE 0.0398; Brier 0.4599; improves accuracy/Brier and low-SNR NLL/ECE, but worsens overall NLL/ECE; current GRU2 best remains eps0.5-g2"
52,RadioML.2016.10A_AMR,PETCGDNN,rcps-retention-eps0.3-g1-kerasinit,2026,7906095,400,/home/citybuster/Data/RCPS/work_dirs/petcgdnn_kerasinit_paired_amr_400ep/amc/deepsig201610A_amr/petcgdnn_kerasinit_rcps-retention_eps0p3_g1p0/seed_2026,/home/citybuster/Data/RCPS/work_dirs/petcgdnn_kerasinit_paired_amr_400ep/metrics/calibration/deepsig201610A_amr_petcgdnn_kerasinit_rcps-retention_eps0p3_g1p0_seed2026_test.csv,diagnostic_candidate,"test acc 60.5273; NLL 1.1403; ECE 0.0229; Brier 0.4743; beats static LS on accuracy/ECE/Brier and improves hard CE accuracy/ECE/Brier, but NLL and high-SNR ECE worsen"
53,RadioML.2016.10A_AMR,PETCGDNN,rcps-posterior-eps0.3-g1-kerasinit,2026,5843920,400,/home/citybuster/Data/RCPS/work_dirs/petcgdnn_kerasinit_paired_amr_400ep/amc/deepsig201610A_amr/petcgdnn_kerasinit_rcps-posterior_eps0p3_g1p0/seed_2026,/home/citybuster/Data/RCPS/work_dirs/petcgdnn_kerasinit_paired_amr_400ep/metrics/calibration/deepsig201610A_amr_petcgdnn_kerasinit_rcps-posterior_eps0p3_g1p0_seed2026_test.csv,main_candidate,"test acc 61.0591; NLL 1.0882; ECE 0.0104; Brier 0.4622; improves all overall metrics and low-SNR NLL/ECE vs hard CE; best PETCGDNN single-seed candidate"
53,RadioML.2016.10A_AMR,GRU2,rcps-posterior-eps0.3-g2,2026,5843920,400,/home/citybuster/Data/RCPS/work_dirs/gru2_paired_amr_400ep/amc/deepsig201610A_amr/gru2_rcps-posterior_eps0p3_g2p0/seed_2026,/home/citybuster/Data/RCPS/work_dirs/gru2_paired_amr_400ep/metrics/calibration/deepsig201610A_amr_gru2_rcps-posterior_eps0p3_g2p0_seed2026_test.csv,main_candidate,"test acc 61.4977; NLL 1.0752; ECE 0.0154; Brier 0.4597; improves all overall metrics and low-SNR NLL vs hard CE; posterior-base evidence aligns with PETCGDNN"
53,RadioML.2016.10A_AMR,PETCGDNN,rcps-posterior-eps0.3-g1-kerasinit,2027_2028,bb134bb,400,/home/citybuster/Data/RCPS/work_dirs/petcgdnn_kerasinit_main_posterior_amr_400ep,/home/citybuster/Data/RCPS/work_dirs/petcgdnn_kerasinit_main_posterior_amr_400ep/metrics/calibration,running,"confirm PETCGDNN posterior-base candidate with additional seeds after single-seed all-metric improvement; launched on GPU0 with runner PID 3442202"
54,RadioML.2016.10A_AMR,GRU2,rcps-posterior-eps0.5-g1,2026,10eab96,400,/home/citybuster/Data/RCPS/work_dirs/gru2_paired_amr_400ep/amc/deepsig201610A_amr/gru2_rcps-posterior_eps0p5_g1p0/seed_2026,/home/citybuster/Data/RCPS/work_dirs/gru2_paired_amr_400ep/metrics/calibration/deepsig201610A_amr_gru2_rcps-posterior_eps0p5_g1p0_seed2026_test.csv,main_candidate,"test acc 61.7136; NLL 1.0824; ECE 0.0111; Brier 0.4565; improves all overall metrics and low-SNR NLL/ECE vs hard CE"
55,RadioML.2016.10B_AMR,PETCGDNN,rcps-posterior-ens3-retmax0.7-g1-retain0.8-kerasinit,2026_2027_2028,0455997,400,/home/citybuster/Data/RCPS/work_dirs/petcgdnn_kerasinit_posterior_10B_ens3,/home/citybuster/Data/RCPS/work_dirs/petcgdnn_kerasinit_posterior_10B_ens3/summary/petcgdnn_10B_ens3_corrected_compare.csv,main_candidate,"corrected method label after legacy eps0.3 workdir mismatch; three-seed mean acc +1.4508 pp, NLL -0.0110, ECE -0.0121, Brier -0.0190 vs hard CE; low-SNR ECE/Brier improve but low-SNR acc drops; high-SNR acc/Brier improve but high-SNR ECE worsens"
56,RadioML.2016.10A_AMR,CGDNet,hard-ce,2026_2027_2028,0455997,400,/home/citybuster/Data/RCPS/work_dirs/baseline_gate_amr_split_strong_v2,/home/citybuster/Data/RCPS/work_dirs/baseline_gate_amr_split_strong_v2/metrics,baseline_gate_running,"launched on GPU0 after PETCGDNN 10B corrected analysis; no RCPS run until hard CE baseline is stable"
57,RadioML.2016.10A_AMR,CGDNet,hard-ce,2026,125cd77,400,/home/citybuster/Data/RCPS/work_dirs/baseline_gate_amr_split_strong_v2/amc/deepsig201610A_amr/cgdnet_hard-ce/seed_2026,/home/citybuster/Data/RCPS/work_dirs/baseline_gate_amr_split_strong_v2/metrics/deepsig201610A_amr_cgdnet_hard-ce_seed2026_test.csv,parity_debug,"test acc 54.33 after best validation 54.60; below expected CGDNet parity range, so remaining CGDNet seeds were paused and model is quarantined for input/split/schedule debugging"
58,RadioML.2016.10A_AMR,MCformer,hard-ce,2026_2027_2028,125cd77,400,/home/citybuster/Data/RCPS/work_dirs/baseline_gate_amr_split_strong_v2,/home/citybuster/Data/RCPS/work_dirs/baseline_gate_amr_split_strong_v2/metrics,baseline_gate_running,"launched on GPU0 as transformer-family hard CE parity gate after CGDNet quarantine"
59,RadioML.2016.10A_AMR,GRU2,rcps-posterior-ens3-retmax0.5-g2,2026_2027_2028,2eb333d,400,/home/citybuster/Data/RCPS/work_dirs/gru2_main_posterior_ens3_400ep,/home/citybuster/Data/RCPS/work_dirs/gru2_main_posterior_ens3_400ep/summary/gru2_ens3_3seed_compare.csv,main_candidate,"three-seed mean acc +2.0523 pp, NLL -0.0252, ECE -0.0101, Brier -0.0226 vs hard CE; high-SNR metrics improve strongly, low-SNR tradeoff remains"
60,RadioML.2016.10A_AMR,MCformer,hard-ce,2026,2eb333d,400,/home/citybuster/Data/RCPS/work_dirs/baseline_gate_amr_split_strong_v2/amc/deepsig201610A_amr/mcformer_hard-ce/seed_2026,/home/citybuster/Data/RCPS/work_dirs/baseline_gate_amr_split_strong_v2/metrics/deepsig201610A_amr_mcformer_hard-ce_seed2026_test.csv,baseline_gate_partial,"test acc 58.15; NLL 1.1062; ECE 0.0136; Brier 0.4908; seed 2027 continues"
60,RadioML.2016.10A_AMR,FastMLDNN,hard-ce,2026_2027_2028,2eb333d,400,/home/citybuster/Data/RCPS/work_dirs/baseline_gate_amr_split_strong_v2,/home/citybuster/Data/RCPS/work_dirs/baseline_gate_amr_split_strong_v2/metrics,baseline_gate_running,"launched on GPU1 after GRU2 ensemble posterior completed; baseline-only parity gate"
61,RadioML.2016.10A_AMR,MCformer,hard-ce,2026_2027_2028,c7f6bfe,400,/home/citybuster/Data/RCPS/work_dirs/baseline_gate_amr_split_strong_v2/amc/deepsig201610A_amr/mcformer_hard-ce,/home/citybuster/Data/RCPS/work_dirs/baseline_gate_amr_split_strong_v2/summary/mcformer_hard_ce_3seed_summary.csv,baseline_gate_stable,"three-seed mean acc 58.1795 +/- 0.1043; NLL 1.1058; ECE 0.0134; Brier 0.4906; stable attention-family baseline but not a strongest model"
62,RadioML.2016.10A_AMR,FastMLDNN,hard-ce-maintained,2026,d8e43c1,129,/home/citybuster/Data/RCPS/work_dirs/baseline_gate_amr_split_strong_v2/amc/deepsig201610A_amr/fastmldnn_hard-ce/seed_2026,/home/citybuster/Data/RCPS/work_dirs/baseline_gate_amr_split_strong_v2/metrics/deepsig201610A_amr_fastmldnn_hard-ce_seed2026_test.csv,parity_failed,"stopped maintained hard-ce config; test acc 53.2068; config differs from paper-like FastMLDNN knobs"
62,RadioML.2016.10A_AMR,FastMLDNN,paperlike-focal-beta,2026,d8e43c1,20,/home/citybuster/Data/RCPS/work_dirs/fastmldnn_paperlike_parity/amc/deepsig201610A_amr/fastmldnn_paperlike-focal-beta/seed_2026,/home/citybuster/Data/RCPS/work_dirs/fastmldnn_paperlike_parity/metrics/deepsig201610A_amr_fastmldnn_paperlike-focal-beta_seed2026_test.csv,parity_failed,"quick paper-like knobs dp=0.07 focal beta=0.5 lr=0.0001054; test acc 28.9364 at epoch20; requires deeper old-FMLNet/init parity"
63,RadioML.2016.10A_AMR,MCformer,rcps-posterior-ens3-retmax0.5-g2,2026_2027_2028,d8e43c1,400,/home/citybuster/Data/RCPS/work_dirs/mcformer_main_posterior_ens3_400ep,/home/citybuster/Data/RCPS/work_dirs/mcformer_main_posterior_ens3_400ep/metrics/calibration,running,"GPU0; seed2026 reached val acc 58.2841 by epoch56; no final test metrics yet"
63,RadioML.2016.10A_AMR,MCformer,static-ls-0p1,2026_2027_2028,d8e43c1,400,/home/citybuster/Data/RCPS/work_dirs/mcformer_static_ls_400ep,/home/citybuster/Data/RCPS/work_dirs/mcformer_static_ls_400ep/metrics/calibration,running,"GPU1; paired same-backbone smoothing control for MCformer RCPS"
66,RadioML.2016.10A_AMR,MCformer,rcps-posterior-ens3-retmax0.5-g2,2026_2027_2028,37d4089,400,/home/citybuster/Data/RCPS/work_dirs/mcformer_main_posterior_ens3_400ep,/home/citybuster/Data/RCPS/work_dirs/mcformer_main_posterior_ens3_400ep/summary/mcformer_hard_static_rcps_3seed_aggregate.csv,paired_control_completed,"three-seed mean vs hard CE: acc +0.5371 pp, NLL -0.0027, ECE -0.0035, Brier -0.0030; high-SNR improves, low-SNR worsens"
66,RadioML.2016.10A_AMR,MCformer,static-ls-0p1,2026_2027_2028,37d4089,400,/home/citybuster/Data/RCPS/work_dirs/mcformer_static_ls_400ep,/home/citybuster/Data/RCPS/work_dirs/mcformer_main_posterior_ens3_400ep/summary/mcformer_hard_static_rcps_3seed_aggregate.csv,paired_control_completed,"three-seed mean vs hard CE: low-SNR NLL/ECE/Brier improve, but overall/high-SNR NLL/ECE/Brier worsen; useful control, not final method"
67,RadioML.2016.10A_AMR,MCformer,rcps-hybrid-prior1-eps0.1-g2-retain0.8,2026,174c8eb,400,/home/citybuster/Data/RCPS/work_dirs/mcformer_hybrid_prior1_eps0p1_g2_400ep,/home/citybuster/Data/RCPS/work_dirs/mcformer_hybrid_prior1_eps0p1_g2_400ep/metrics/calibration,running,"single-seed hybrid pilot: prior_blend=1.0, epsilon max=0.1, gamma=2.0, retain_min=0.8"
67,RadioML.2016.10A_AMR,MCformer,rcps-hybrid-prior1-eps0.3-g2-retain0.8,2026,174c8eb,400,/home/citybuster/Data/RCPS/work_dirs/mcformer_hybrid_prior1_eps0p3_g2_400ep,/home/citybuster/Data/RCPS/work_dirs/mcformer_hybrid_prior1_eps0p3_g2_400ep/metrics/calibration,running,"single-seed hybrid pilot: prior_blend=1.0, epsilon max=0.3, gamma=2.0, retain_min=0.8"
68,RadioML.2016.10A_AMR,MCformer,rcps-hybrid-prior1-eps0.1-g2-retain0.8,2027_2028,a1a77b4,400,/home/citybuster/Data/RCPS/work_dirs/mcformer_hybrid_prior1_eps0p1_g2_400ep,/home/citybuster/Data/RCPS/work_dirs/mcformer_hybrid_prior1_eps0p1_g2_400ep/metrics/calibration,running,"promoted after seed2026 improved overall NLL/ECE/Brier and low-SNR NLL/ECE/Brier while retaining high-SNR metrics"
69,RadioML.2016.10A_AMR,MCformer,rcps-hybrid-prior1-eps0.3-g2-retain0.8,2026,08f4324,400,/home/citybuster/Data/RCPS/work_dirs/mcformer_hybrid_prior1_eps0p3_g2_400ep,/home/citybuster/Data/RCPS/work_dirs/mcformer_hybrid_prior1_eps0p3_g2_400ep/summary/mcformer_seed2026_hybrid_eps0p3_manual_deltas.csv,pilot_completed,"overall acc +0.1364 pp; low-SNR posterior metrics improve; aggregate NLL nearly unchanged and high-SNR ECE slightly worse, so not promoted yet"
69,RadioML.2016.10A_AMR,MCformer,rcps-hybrid-prior1-eps0.2-g2-retain0.8,2026,08f4324,400,/home/citybuster/Data/RCPS/work_dirs/mcformer_hybrid_prior1_eps0p2_g2_400ep,/home/citybuster/Data/RCPS/work_dirs/mcformer_hybrid_prior1_eps0p2_g2_400ep/metrics/calibration,running,"midpoint hybrid pilot launched after eps0.1 and eps0.3 seed2026 comparison"
70,RadioML.2016.10A,MCformer,rcps-hybrid-prior1_eps0p2_g2_retain0p8,2027,c62581a,400,/home/citybuster/Data/RCPS/work_dirs/mcformer_hybrid_prior1_eps0p2_g2_400ep/amc/deepsig201610A_amr/mcformer_rcps-hybrid-prior1_eps0p2_g2_retain0p8/seed_2027,/home/citybuster/Data/RCPS/work_dirs/mcformer_hybrid_prior1_eps0p2_g2_400ep/metrics/calibration/deepsig201610A_amr_mcformer_rcps-hybrid-prior1_eps0p2_g2_retain0p8_seed2027_test.csv,running,promoted eps0.2 after seed2026 pilot; GPU1 sequential run
70,RadioML.2016.10A,MCformer,rcps-hybrid-prior1_eps0p2_g2_retain0p8,2028,c62581a,400,/home/citybuster/Data/RCPS/work_dirs/mcformer_hybrid_prior1_eps0p2_g2_400ep/amc/deepsig201610A_amr/mcformer_rcps-hybrid-prior1_eps0p2_g2_retain0p8/seed_2028,/home/citybuster/Data/RCPS/work_dirs/mcformer_hybrid_prior1_eps0p2_g2_400ep/metrics/calibration/deepsig201610A_amr_mcformer_rcps-hybrid-prior1_eps0p2_g2_retain0p8_seed2028_test.csv,running,promoted eps0.2 after seed2026 pilot; GPU1 sequential run
71,RadioML.2016.10A,MCformer,rcps-hybrid-prior1_eps0p1_g2_retain0p8,2026/2027/2028,8afd7b5,400,/home/citybuster/Data/RCPS/work_dirs/mcformer_hybrid_prior1_eps0p1_g2_400ep,/home/citybuster/Data/RCPS/work_dirs/mcformer_hybrid_prior1_eps0p1_g2_400ep/summary/mcformer_hard_static_posterior_hybrid_eps0p1_3seed_aggregate.csv,completed,three-seed aggregate completed; balanced improvement across overall low and high reliability bins
72,RadioML.2016.10A_AMR,PETCGDNN,rcps-hybrid-prior1_eps0p2_g2_retain0p8,2026,578ca3a,400,/home/citybuster/Data/RCPS/work_dirs/petcgdnn_kerasinit_hybrid_prior1_eps0p2_g2_400ep/amc/deepsig201610A_amr/petcgdnn_kerasinit_rcps-hybrid-prior1_eps0p2_g2_retain0p8/seed_2026,/home/citybuster/Data/RCPS/work_dirs/petcgdnn_kerasinit_hybrid_prior1_eps0p2_g2_400ep/metrics/calibration/deepsig201610A_amr_petcgdnn_kerasinit_rcps-hybrid-prior1_eps0p2_g2_retain0p8_seed2026_test.csv,running,second model-family hybrid pilot launched on GPU0; same supervision settings as MCformer eps0.2
73,RadioML.2016.10A_AMR,MCformer,rcps-hybrid-prior1_eps0p2_g2_retain0p8,2027,6f56537,400,/home/citybuster/Data/RCPS/work_dirs/mcformer_hybrid_prior1_eps0p2_g2_400ep/amc/deepsig201610A_amr/mcformer_rcps-hybrid-prior1_eps0p2_g2_retain0p8/seed_2027,/home/citybuster/Data/RCPS/work_dirs/mcformer_hybrid_prior1_eps0p2_g2_400ep/summary/mcformer_seed2027_hard_static_posterior_hybrid_eps_compare.csv,completed,seed2027 paired comparison: all overall metrics improve; low-SNR NLL/ECE/Brier improve but low-SNR accuracy slightly drops
74,RadioML.2016.10A_AMR,PETCGDNN,rcps-hybrid-prior1_eps0p2_g2_retain0p8,2026,098891f,400,/home/citybuster/Data/RCPS/work_dirs/petcgdnn_kerasinit_hybrid_prior1_eps0p2_g2_400ep/amc/deepsig201610A_amr/petcgdnn_kerasinit_rcps-hybrid-prior1_eps0p2_g2_retain0p8/seed_2026,/home/citybuster/Data/RCPS/work_dirs/petcgdnn_kerasinit_hybrid_prior1_eps0p2_g2_400ep/summary/petcgdnn_kerasinit_seed2026_hard_static_retention_posterior_hybrid_compare.csv,pilot_completed_not_promoted,overall/high metrics improve vs hard CE but low-SNR posterior metrics worsen and PETCGDNN PosteriorBase remains stronger
